job,part number,material,due date,operation sequence,department,work center,start time,setup time,run time
1002,2001,stl,2026-08-19,1,1,1,2026-08-09 07:00:00,1.23,4.56
1002,2001,stl,2026-08-19,2,2,6,2026-08-09 12:40:00,5.12,4.25
1002,2001,stl,2026-08-19,3,1,3,2026-08-09 22:00:00,1.65,5.35
1005,5001,alm,2026-09-09,1,2,4,2026-08-10 07:00:00,1.10,2.34
1005,5001,alm,2026-09-09,2,1,2,2026-08-10 11:00:00,5.44,2.34
1005,5001,alm,2026-09-09,3,2,5,2026-08-10 19:00:00,6.53,9.78
1009,9001,alm,2026-09-15,1,1,,,4.56,6.78
1009,9001,alm,2026-09-15,2,2,,,1.21,1.23
1009,9001,alm,2026-09-15,3,1,,,1.23,8.75
